usgs_ls8c_level2_2,157,070,2015,11,08,usgs_ls8c_level2_2-0-20190911_157070_2015-11-08.odc-metadata.yaml
usgs_ls8c_level2_2,157,070,2015,11,24,usgs_ls8c_level2_2-0-20190911_157070_2015-11-24.odc-metadata.yaml
usgs_ls8c_level2_2,157,071,2013,05,26,usgs_ls8c_level2_2-0-20190912_157071_2013-05-26.odc-metadata.yaml
usgs_ls8c_level2_2,157,071,2013,06,11,usgs_ls8c_level2_2-0-20190912_157071_2013-06-11.odc-metadata.yaml
usgs_ls8c_level2_2,157,071,2013,06,27,usgs_ls8c_level2_2-0-20190912_157071_2013-06-27.odc-metadata.yaml
usgs_ls8c_level2_2,157,071,2013,07,13,usgs_ls8c_level2_2-0-20190912_157071_2013-07-13.odc-metadata.yaml
usgs_ls8c_level2_2,157,071,2013,07,29,usgs_ls8c_level2_2-0-20190912_157071_2013-07-29.odc-metadata.yaml
usgs_ls8c_level2_2,157,071,2013,08,14,usgs_ls8c_level2_2-0-20190912_157071_2013-08-14.odc-metadata.yaml
usgs_ls8c_level2_2,157,071,2013,08,30,usgs_ls8c_level2_2-0-20190912_157071_2013-08-30.odc-metadata.yaml
usgs_ls8c_level2_2,157,071,2013,09,15,usgs_ls8c_level2_2-0-20190912_157071_2013-09-15.odc-metadata.yaml
usgs_ls8c_level2_2,157,071,2013,10,01,usgs_ls8c_level2_2-0-20190912_157071_2013-10-01.odc-metadata.yaml
usgs_ls8c_level2_2,157,071,2013,10,17,usgs_ls8c_level2_2-0-20190912_157071_2013-10-17.odc-metadata.yaml
usgs_ls8c_level2_2,157,071,2013,11,02,usgs_ls8c_level2_2-0-20190912_157071_2013-11-02.odc-metadata.yaml
usgs_ls8c_level2_2,157,071,2013,11,18,usgs_ls8c_level2_2-0-20190912_157071_2013-11-18.odc-metadata.yaml
usgs_ls8c_level2_2,157,071,2013,12,04,usgs_ls8c_level2_2-0-20190912_157071_2013-12-04.odc-metadata.yaml
usgs_ls8c_level2_2,157,071,2013,12,20,usgs_ls8c_level2_2-0-20190912_157071_2013-12-20.odc-metadata.yaml
usgs_ls8c_level2_2,157,071,2014,01,05,usgs_ls8c_level2_2-0-20190912_157071_2014-01-05.odc-metadata.yaml
usgs_ls8c_level2_2,157,071,2014,01,21,usgs_ls8c_level2_2-0-20190912_157071_2014-01-21.odc-metadata.yaml
usgs_ls8c_level2_2,157,071,2014,02,06,usgs_ls8c_level2_2-0-20190912_157071_2014-02-06.odc-metadata.yaml
usgs_ls8c_level2_2,157,071,2014,02,22,usgs_ls8c_level2_2-0-20190912_157071_2014-02-22.odc-metadata.yaml
usgs_ls8c_level2_2,157,071,2014,03,10,usgs_ls8c_level2_2-0-20190912_157071_2014-03-10.odc-metadata.yaml
usgs_ls8c_level2_2,157,071,2014,03,26,usgs_ls8c_level2_2-0-20190912_157071_2014-03-26.odc-metadata.yaml
usgs_ls8c_level2_2,157,071,2014,04,11,usgs_ls8c_level2_2-0-20190912_157071_2014-04-11.odc-metadata.yaml
usgs_ls8c_level2_2,157,071,2014,04,27,usgs_ls8c_level2_2-0-20190912_157071_2014-04-27.odc-metadata.yaml
usgs_ls8c_level2_2,157,071,2014,05,13,usgs_ls8c_level2_2-0-20190912_157071_2014-05-13.odc-metadata.yaml
usgs_ls8c_level2_2,157,071,2014,05,29,usgs_ls8c_level2_2-0-20190912_157071_2014-05-29.odc-metadata.yaml
usgs_ls8c_level2_2,157,071,2014,06,14,usgs_ls8c_level2_2-0-20190912_157071_2014-06-14.odc-metadata.yaml
usgs_ls8c_level2_2,157,071,2014,06,30,usgs_ls8c_level2_2-0-20190912_157071_2014-06-30.odc-metadata.yaml
usgs_ls8c_level2_2,157,071,2014,07,16,usgs_ls8c_level2_2-0-20190912_157071_2014-07-16.odc-metadata.yaml
usgs_ls8c_level2_2,157,071,2014,08,01,usgs_ls8c_level2_2-0-20190912_157071_2014-08-01.odc-metadata.yaml
usgs_ls8c_level2_2,157,071,2014,08,17,usgs_ls8c_level2_2-0-20190912_157071_2014-08-17.odc-metadata.yaml
usgs_ls8c_level2_2,157,071,2014,09,02,usgs_ls8c_level2_2-0-20190912_157071_2014-09-02.odc-metadata.yaml
usgs_ls8c_level2_2,157,071,2014,09,18,usgs_ls8c_level2_2-0-20190912_157071_2014-09-18.odc-metadata.yaml
usgs_ls8c_level2_2,157,071,2014,10,04,usgs_ls8c_level2_2-0-20190912_157071_2014-10-04.odc-metadata.yaml
usgs_ls8c_level2_2,157,071,2014,10,20,usgs_ls8c_level2_2-0-20190912_157071_2014-10-20.odc-metadata.yaml
usgs_ls8c_level2_2,157,071,2014,11,05,usgs_ls8c_level2_2-0-20190912_157071_2014-11-05.odc-metadata.yaml
usgs_ls8c_level2_2,157,071,2014,11,21,usgs_ls8c_level2_2-0-20190912_157071_2014-11-21.odc-metadata.yaml
usgs_ls8c_level2_2,157,071,2014,12,07,usgs_ls8c_level2_2-0-20190912_157071_2014-12-07.odc-metadata.yaml
usgs_ls8c_level2_2,157,071,2014,12,23,usgs_ls8c_level2_2-0-20190912_157071_2014-12-23.odc-metadata.yaml
usgs_ls8c_level2_2,157,071,2015,01,08,usgs_ls8c_level2_2-0-20190911_157071_2015-01-08.odc-metadata.yaml
usgs_ls8c_level2_2,157,071,2015,01,24,usgs_ls8c_level2_2-0-20190911_157071_2015-01-24.odc-metadata.yaml
usgs_ls8c_level2_2,157,071,2015,02,09,usgs_ls8c_level2_2-0-20190911_157071_2015-02-09.odc-metadata.yaml
usgs_ls8c_level2_2,157,071,2015,02,25,usgs_ls8c_level2_2-0-20190911_157071_2015-02-25.odc-metadata.yaml
usgs_ls8c_level2_2,157,071,2015,03,13,usgs_ls8c_level2_2-0-20190911_157071_2015-03-13.odc-metadata.yaml
usgs_ls8c_level2_2,157,071,2015,03,29,usgs_ls8c_level2_2-0-20190911_157071_2015-03-29.odc-metadata.yaml
usgs_ls8c_level2_2,157,071,2015,04,14,usgs_ls8c_level2_2-0-20190911_157071_2015-04-14.odc-metadata.yaml
usgs_ls8c_level2_2,157,071,2015,04,30,usgs_ls8c_level2_2-0-20190911_157071_2015-04-30.odc-metadata.yaml
usgs_ls8c_level2_2,157,071,2015,05,16,usgs_ls8c_level2_2-0-20190911_157071_2015-05-16.odc-metadata.yaml
usgs_ls8c_level2_2,157,071,2015,06,01,usgs_ls8c_level2_2-0-20190911_157071_2015-06-01.odc-metadata.yaml
usgs_ls8c_level2_2,157,071,2015,06,17,usgs_ls8c_level2_2-0-20190911_157071_2015-06-17.odc-metadata.yaml
usgs_ls8c_level2_2,157,071,2015,07,03,usgs_ls8c_level2_2-0-20190911_157071_2015-07-03.odc-metadata.yaml
usgs_ls8c_level2_2,157,071,2015,07,19,usgs_ls8c_level2_2-0-20190911_157071_2015-07-19.odc-metadata.yaml
usgs_ls8c_level2_2,157,071,2015,08,04,usgs_ls8c_level2_2-0-20190911_157071_2015-08-04.odc-metadata.yaml
usgs_ls8c_level2_2,157,071,2015,08,20,usgs_ls8c_level2_2-0-20190911_157071_2015-08-20.odc-metadata.yaml
usgs_ls8c_level2_2,157,071,2015,09,05,usgs_ls8c_level2_2-0-20190911_157071_2015-09-05.odc-metadata.yaml
usgs_ls8c_level2_2,157,071,2015,09,21,usgs_ls8c_level2_2-0-20190911_157071_2015-09-21.odc-metadata.yaml
usgs_ls8c_level2_2,157,071,2015,10,07,usgs_ls8c_level2_2-0-20190911_157071_2015-10-07.odc-metadata.yaml
usgs_ls8c_level2_2,157,071,2015,10,23,usgs_ls8c_level2_2-0-20190911_157071_2015-10-23.odc-metadata.yaml
usgs_ls8c_level2_2,157,071,2015,11,08,usgs_ls8c_level2_2-0-20190911_157071_2015-11-08.odc-metadata.yaml
usgs_ls8c_level2_2,157,071,2015,11,24,usgs_ls8c_level2_2-0-20190911_157071_2015-11-24.odc-metadata.yaml
usgs_ls8c_level2_2,157,071,2015,12,10,usgs_ls8c_level2_2-0-20190911_157071_2015-12-10.odc-metadata.yaml
usgs_ls8c_level2_2,157,071,2015,12,26,usgs_ls8c_level2_2-0-20190911_157071_2015-12-26.odc-metadata.yaml
usgs_ls8c_level2_2,157,071,2016,01,11,usgs_ls8c_level2_2-0-20190909_157071_2016-01-11.odc-metadata.yaml
usgs_ls8c_level2_2,157,071,2016,01,27,usgs_ls8c_level2_2-0-20190909_157071_2016-01-27.odc-metadata.yaml
usgs_ls8c_level2_2,157,071,2016,02,12,usgs_ls8c_level2_2-0-20190909_157071_2016-02-12.odc-metadata.yaml
usgs_ls8c_level2_2,157,071,2016,02,28,usgs_ls8c_level2_2-0-20190909_157071_2016-02-28.odc-metadata.yaml
usgs_ls8c_level2_2,157,071,2016,03,15,usgs_ls8c_level2_2-0-20190909_157071_2016-03-15.odc-metadata.yaml
usgs_ls8c_level2_2,157,071,2016,03,31,usgs_ls8c_level2_2-0-20190909_157071_2016-03-31.odc-metadata.yaml
usgs_ls8c_level2_2,157,071,2016,04,16,usgs_ls8c_level2_2-0-20190909_157071_2016-04-16.odc-metadata.yaml
usgs_ls8c_level2_2,157,071,2016,05,02,usgs_ls8c_level2_2-0-20190909_157071_2016-05-02.odc-metadata.yaml
usgs_ls8c_level2_2,157,071,2016,05,18,usgs_ls8c_level2_2-0-20190909_157071_2016-05-18.odc-metadata.yaml
usgs_ls8c_level2_2,157,071,2016,06,03,usgs_ls8c_level2_2-0-20190909_157071_2016-06-03.odc-metadata.yaml
usgs_ls8c_level2_2,157,071,2016,06,19,usgs_ls8c_level2_2-0-20190909_157071_2016-06-19.odc-metadata.yaml
usgs_ls8c_level2_2,157,071,2016,07,05,usgs_ls8c_level2_2-0-20190909_157071_2016-07-05.odc-metadata.yaml
usgs_ls8c_level2_2,157,071,2016,07,21,usgs_ls8c_level2_2-0-20190909_157071_2016-07-21.odc-metadata.yaml
usgs_ls8c_level2_2,157,071,2016,08,06,usgs_ls8c_level2_2-0-20190909_157071_2016-08-06.odc-metadata.yaml
usgs_ls8c_level2_2,157,071,2016,08,22,usgs_ls8c_level2_2-0-20190909_157071_2016-08-22.odc-metadata.yaml
usgs_ls8c_level2_2,157,071,2016,09,07,usgs_ls8c_level2_2-0-20190909_157071_2016-09-07.odc-metadata.yaml
usgs_ls8c_level2_2,157,071,2016,09,23,usgs_ls8c_level2_2-0-20190909_157071_2016-09-23.odc-metadata.yaml
usgs_ls8c_level2_2,157,071,2016,10,09,usgs_ls8c_level2_2-0-20190909_157071_2016-10-09.odc-metadata.yaml
usgs_ls8c_level2_2,157,071,2016,10,25,usgs_ls8c_level2_2-0-20190909_157071_2016-10-25.odc-metadata.yaml
usgs_ls8c_level2_2,157,071,2016,11,10,usgs_ls8c_level2_2-0-20190909_157071_2016-11-10.odc-metadata.yaml
usgs_ls8c_level2_2,157,071,2016,11,26,usgs_ls8c_level2_2-0-20190909_157071_2016-11-26.odc-metadata.yaml
usgs_ls8c_level2_2,157,071,2016,12,12,usgs_ls8c_level2_2-0-20190909_157071_2016-12-12.odc-metadata.yaml
usgs_ls8c_level2_2,157,071,2016,12,28,usgs_ls8c_level2_2-0-20190909_157071_2016-12-28.odc-metadata.yaml
usgs_ls8c_level2_2,157,071,2017,01,13,.odcdataset-563xihcq,usgs_ls8c_level2_2-0-20190906_157071_2017-01-13.odc-metadata.yaml
usgs_ls8c_level2_2,157,071,2017,01,13,usgs_ls8c_level2_2-0-20190904_157071_2017-01-13.odc-metadata.yaml
usgs_ls8c_level2_2,157,071,2017,01,29,.odcdataset-rdm59218,usgs_ls8c_level2_2-0-20190906_157071_2017-01-29.odc-metadata.yaml
usgs_ls8c_level2_2,157,071,2017,01,29,usgs_ls8c_level2_2-0-20190904_157071_2017-01-29.odc-metadata.yaml
usgs_ls8c_level2_2,157,071,2017,02,14,.odcdataset-acmvl4bs,usgs_ls8c_level2_2-0-20190906_157071_2017-02-14.odc-metadata.yaml
usgs_ls8c_level2_2,157,071,2017,02,14,usgs_ls8c_level2_2-0-20190904_157071_2017-02-14.odc-metadata.yaml
usgs_ls8c_level2_2,157,071,2017,03,02,.odcdataset-ee600_b2,usgs_ls8c_level2_2-0-20190905_157071_2017-03-02.odc-metadata.yaml
usgs_ls8c_level2_2,157,071,2017,03,02,.odcdataset-z0m7f7_m,usgs_ls8c_level2_2-0-20190904_157071_2017-03-02.odc-metadata.yaml
usgs_ls8c_level2_2,157,071,2017,03,02,usgs_ls8c_level2_2-0-20190906_157071_2017-03-02.odc-metadata.yaml
usgs_ls8c_level2_2,157,071,2017,03,18,.odcdataset-vm3wdfdu,usgs_ls8c_level2_2-0-20190906_157071_2017-03-18.odc-metadata.yaml
usgs_ls8c_level2_2,157,071,2017,03,18,usgs_ls8c_level2_2-0-20190904_157071_2017-03-18.odc-metadata.yaml
usgs_ls8c_level2_2,157,071,2017,04,03,.odcdataset-44a7e_5x,usgs_ls8c_level2_2-0-20190906_157071_2017-04-03.odc-metadata.yaml
usgs_ls8c_level2_2,157,071,2017,04,03,.odcdataset-ye80ysnm,usgs_ls8c_level2_2-0-20190904_157071_2017-04-03.odc-metadata.yaml
usgs_ls8c_level2_2,157,071,2017,04,03,usgs_ls8c_level2_2-0-20190905_157071_2017-04-03.odc-metadata.yaml
usgs_ls8c_level2_2,157,071,2017,04,19,.odcdataset-9e2va3x5,usgs_ls8c_level2_2-0-20190906_157071_2017-04-19.odc-metadata.yaml
usgs_ls8c_level2_2,157,071,2017,04,19,usgs_ls8c_level2_2-0-20190904_157071_2017-04-19.odc-metadata.yaml
usgs_ls8c_level2_2,157,071,2017,05,05,.odcdataset-6_whjqkc,usgs_ls8c_level2_2-0-20190905_157071_2017-05-05.odc-metadata.yaml
usgs_ls8c_level2_2,157,071,2017,05,05,.odcdataset-h0_mc_7a,usgs_ls8c_level2_2-0-20190904_157071_2017-05-05.odc-metadata.yaml
usgs_ls8c_level2_2,157,071,2017,05,05,usgs_ls8c_level2_2-0-20190906_157071_2017-05-05.odc-metadata.yaml
usgs_ls8c_level2_2,157,071,2017,05,21,.odcdataset-vc6zd4gb,usgs_ls8c_level2_2-0-20190906_157071_2017-05-21.odc-metadata.yaml
usgs_ls8c_level2_2,157,071,2017,05,21,usgs_ls8c_level2_2-0-20190904_157071_2017-05-21.odc-metadata.yaml
usgs_ls8c_level2_2,157,071,2017,06,06,.odcdataset-2os_yfoo,usgs_ls8c_level2_2-0-20190905_157071_2017-06-06.odc-metadata.yaml
usgs_ls8c_level2_2,157,071,2017,06,06,.odcdataset-jgejeq03,usgs_ls8c_level2_2-0-20190906_157071_2017-06-06.odc-metadata.yaml
usgs_ls8c_level2_2,157,071,2017,06,06,usgs_ls8c_level2_2-0-20190904_157071_2017-06-06.odc-metadata.yaml
usgs_ls8c_level2_2,157,071,2017,06,22,.odcdataset-rki4jpf9,usgs_ls8c_level2_2-0-20190904_157071_2017-06-22.odc-metadata.yaml
usgs_ls8c_level2_2,157,071,2017,06,22,usgs_ls8c_level2_2-0-20190906_157071_2017-06-22.odc-metadata.yaml
usgs_ls8c_level2_2,157,071,2017,07,08,usgs_ls8c_level2_2-0-20190904_157071_2017-07-08.odc-metadata.yaml
usgs_ls8c_level2_2,157,071,2017,07,08,usgs_ls8c_level2_2-0-20190906_157071_2017-07-08.odc-metadata.yaml
usgs_ls8c_level2_2,157,071,2017,07,24,.odcdataset-dxtkuv0f,usgs_ls8c_level2_2-0-20190904_157071_2017-07-24.odc-metadata.yaml
usgs_ls8c_level2_2,157,071,2017,07,24,usgs_ls8c_level2_2-0-20190906_157071_2017-07-24.odc-metadata.yaml
usgs_ls8c_level2_2,157,071,2017,08,09,.odcdataset-jmkb7u61,usgs_ls8c_level2_2-0-20190906_157071_2017-08-09.odc-metadata.yaml
usgs_ls8c_level2_2,157,071,2017,08,09,.odcdataset-nvr_4c_e,usgs_ls8c_level2_2-0-20190904_157071_2017-08-09.odc-metadata.yaml
usgs_ls8c_level2_2,157,071,2017,08,09,usgs_ls8c_level2_2-0-20190905_157071_2017-08-09.odc-metadata.yaml
usgs_ls8c_level2_2,157,071,2017,08,25,.odcdataset-2xlt_ova,usgs_ls8c_level2_2-0-20190904_157071_2017-08-25.odc-metadata.yaml
usgs_ls8c_level2_2,157,071,2017,08,25,usgs_ls8c_level2_2-0-20190906_157071_2017-08-25.odc-metadata.yaml
usgs_ls8c_level2_2,157,071,2017,09,10,.odcdataset-dm2eqpjv,usgs_ls8c_level2_2-0-20190906_157071_2017-09-10.odc-metadata.yaml
usgs_ls8c_level2_2,157,071,2017,09,10,usgs_ls8c_level2_2-0-20190904_157071_2017-09-10.odc-metadata.yaml
usgs_ls8c_level2_2,157,071,2017,09,10,usgs_ls8c_level2_2-0-20190905_157071_2017-09-10.odc-metadata.yaml
usgs_ls8c_level2_2,157,071,2017,09,26,.odcdataset-fsdb1hxp,usgs_ls8c_level2_2-0-20190906_157071_2017-09-26.odc-metadata.yaml
usgs_ls8c_level2_2,157,071,2017,09,26,.odcdataset-ttco_apx,usgs_ls8c_level2_2-0-20190904_157071_2017-09-26.odc-metadata.yaml
usgs_ls8c_level2_2,157,071,2017,09,26,usgs_ls8c_level2_2-0-20190905_157071_2017-09-26.odc-metadata.yaml
usgs_ls8c_level2_2,157,071,2017,10,12,.odcdataset-ovvs1rgp,usgs_ls8c_level2_2-0-20190906_157071_2017-10-12.odc-metadata.yaml
usgs_ls8c_level2_2,157,071,2017,10,12,.odcdataset-wbe4gkwq,usgs_ls8c_level2_2-0-20190904_157071_2017-10-12.odc-metadata.yaml
usgs_ls8c_level2_2,157,071,2017,10,12,usgs_ls8c_level2_2-0-20190905_157071_2017-10-12.odc-metadata.yaml
usgs_ls8c_level2_2,157,071,2017,10,28,.odcdataset-b_1brdzl,usgs_ls8c_level2_2-0-20190905_157071_2017-10-28.odc-metadata.yaml
usgs_ls8c_level2_2,157,071,2017,10,28,.odcdataset-r1g7d62c,usgs_ls8c_level2_2-0-20190906_157071_2017-10-28.odc-metadata.yaml
usgs_ls8c_level2_2,157,071,2017,10,28,usgs_ls8c_level2_2-0-20190904_157071_2017-10-28.odc-metadata.yaml
usgs_ls8c_level2_2,157,071,2017,11,13,.odcdataset-pobwqy2h,usgs_ls8c_level2_2-0-20190906_157071_2017-11-13.odc-metadata.yaml
usgs_ls8c_level2_2,157,071,2017,11,13,usgs_ls8c_level2_2-0-20190904_157071_2017-11-13.odc-metadata.yaml
usgs_ls8c_level2_2,157,071,2017,11,29,.odcdataset-engd04yg,usgs_ls8c_level2_2-0-20190904_157071_2017-11-29.odc-metadata.yaml
usgs_ls8c_level2_2,157,071,2017,11,29,.odcdataset-s9zbh67e,usgs_ls8c_level2_2-0-20190905_157071_2017-11-29.odc-metadata.yaml
usgs_ls8c_level2_2,157,071,2017,11,29,usgs_ls8c_level2_2-0-20190906_157071_2017-11-29.odc-metadata.yaml
usgs_ls8c_level2_2,157,071,2017,12,15,.odcdataset-17gru4r3,usgs_ls8c_level2_2-0-20190904_157071_2017-12-15.odc-metadata.yaml
usgs_ls8c_level2_2,157,071,2017,12,15,.odcdataset-9y9hq1yl,usgs_ls8c_level2_2-0-20190906_157071_2017-12-15.odc-metadata.yaml
usgs_ls8c_level2_2,157,071,2017,12,15,usgs_ls8c_level2_2-0-20190905_157071_2017-12-15.odc-metadata.yaml
usgs_ls8c_level2_2,157,071,2017,12,31,.odcdataset-t3o5nyjm,usgs_ls8c_level2_2-0-20190906_157071_2017-12-31.odc-metadata.yaml
usgs_ls8c_level2_2,157,071,2017,12,31,.odcdataset-t60iqlv5,usgs_ls8c_level2_2-0-20190904_157071_2017-12-31.odc-metadata.yaml
usgs_ls8c_level2_2,157,071,2017,12,31,usgs_ls8c_level2_2-0-20190905_157071_2017-12-31.odc-metadata.yaml
usgs_ls8c_level2_2,157,071,2018,01,16,usgs_ls8c_level2_2-0-20190903_157071_2018-01-16.odc-metadata.yaml
usgs_ls8c_level2_2,157,071,2018,02,01,usgs_ls8c_level2_2-0-20190903_157071_2018-02-01.odc-metadata.yaml
usgs_ls8c_level2_2,157,071,2018,02,17,usgs_ls8c_level2_2-0-20190830_157071_2018-02-17.odc-metadata.yaml
usgs_ls8c_level2_2,157,071,2018,03,05,usgs_ls8c_level2_2-0-20190830_157071_2018-03-05.odc-metadata.yaml
usgs_ls8c_level2_2,157,071,2018,03,21,usgs_ls8c_level2_2-0-20190903_157071_2018-03-21.odc-metadata.yaml
usgs_ls8c_level2_2,157,071,2018,04,06,usgs_ls8c_level2_2-0-20190830_157071_2018-04-06.odc-metadata.yaml
usgs_ls8c_level2_2,157,071,2018,04,22,usgs_ls8c_level2_2-0-20190903_157071_2018-04-22.odc-metadata.yaml
usgs_ls8c_level2_2,157,071,2018,05,08,usgs_ls8c_level2_2-0-20190830_157071_2018-05-08.odc-metadata.yaml
usgs_ls8c_level2_2,157,071,2018,05,24,usgs_ls8c_level2_2-0-20190830_157071_2018-05-24.odc-metadata.yaml
usgs_ls8c_level2_2,157,071,2018,06,09,usgs_ls8c_level2_2-0-20190903_157071_2018-06-09.odc-metadata.yaml
usgs_ls8c_level2_2,157,071,2018,06,25,usgs_ls8c_level2_2-0-20190903_157071_2018-06-25.odc-metadata.yaml
usgs_ls8c_level2_2,157,071,2018,07,11,usgs_ls8c_level2_2-0-20190903_157071_2018-07-11.odc-metadata.yaml
usgs_ls8c_level2_2,157,071,2018,07,27,usgs_ls8c_level2_2-0-20190830_157071_2018-07-27.odc-metadata.yaml
usgs_ls8c_level2_2,157,071,2018,08,12,usgs_ls8c_level2_2-0-20190903_157071_2018-08-12.odc-metadata.yaml
usgs_ls8c_level2_2,157,071,2018,08,28,usgs_ls8c_level2_2-0-20190830_157071_2018-08-28.odc-metadata.yaml
usgs_ls8c_level2_2,157,071,2018,09,13,usgs_ls8c_level2_2-0-20190903_157071_2018-09-13.odc-metadata.yaml
usgs_ls8c_level2_2,157,071,2018,09,29,usgs_ls8c_level2_2-0-20190903_157071_2018-09-29.odc-metadata.yaml
usgs_ls8c_level2_2,157,071,2018,10,15,usgs_ls8c_level2_2-0-20190830_157071_2018-10-15.odc-metadata.yaml
usgs_ls8c_level2_2,157,071,2018,10,31,usgs_ls8c_level2_2-0-20190903_157071_2018-10-31.odc-metadata.yaml
usgs_ls8c_level2_2,157,071,2018,11,16,usgs_ls8c_level2_2-0-20190830_157071_2018-11-16.odc-metadata.yaml
usgs_ls8c_level2_2,157,071,2018,12,02,usgs_ls8c_level2_2-0-20190830_157071_2018-12-02.odc-metadata.yaml
usgs_ls8c_level2_2,157,071,2018,12,18,usgs_ls8c_level2_2-0-20190903_157071_2018-12-18.odc-metadata.yaml
usgs_ls8c_level2_2,157,071,2019,02,04,usgs_ls8c_level2_2-0-20190917_157071_2019-02-04.odc-metadata.yaml
usgs_ls8c_level2_2,157,071,2019,02,20,usgs_ls8c_level2_2-0-20190917_157071_2019-02-20.odc-metadata.yaml
usgs_ls8c_level2_2,157,071,2019,03,08,usgs_ls8c_level2_2-0-20190917_157071_2019-03-08.odc-metadata.yaml
usgs_ls8c_level2_2,157,071,2019,03,24,usgs_ls8c_level2_2-0-20190917_157071_2019-03-24.odc-metadata.yaml
usgs_ls8c_level2_2,157,071,2019,04,09,usgs_ls8c_level2_2-0-20190917_157071_2019-04-09.odc-metadata.yaml
usgs_ls8c_level2_2,157,071,2019,04,25,usgs_ls8c_level2_2-0-20190917_157071_2019-04-25.odc-metadata.yaml
usgs_ls8c_level2_2,157,071,2019,05,11,usgs_ls8c_level2_2-0-20190917_157071_2019-05-11.odc-metadata.yaml
usgs_ls8c_level2_2,157,071,2019,05,27,usgs_ls8c_level2_2-0-20190917_157071_2019-05-27.odc-metadata.yaml
usgs_ls8c_level2_2,157,071,2019,06,12,usgs_ls8c_level2_2-0-20190917_157071_2019-06-12.odc-metadata.yaml
usgs_ls8c_level2_2,157,071,2019,06,28,usgs_ls8c_level2_2-0-20190917_157071_2019-06-28.odc-metadata.yaml
usgs_ls8c_level2_2,157,072,2013,06,27,usgs_ls8c_level2_2-0-20190912_157072_2013-06-27.odc-metadata.yaml
usgs_ls8c_level2_2,157,072,2013,07,13,usgs_ls8c_level2_2-0-20190912_157072_2013-07-13.odc-metadata.yaml
usgs_ls8c_level2_2,157,072,2013,07,29,usgs_ls8c_level2_2-0-20190912_157072_2013-07-29.odc-metadata.yaml
usgs_ls8c_level2_2,157,072,2013,08,14,usgs_ls8c_level2_2-0-20190912_157072_2013-08-14.odc-metadata.yaml
usgs_ls8c_level2_2,157,072,2013,08,30,usgs_ls8c_level2_2-0-20190912_157072_2013-08-30.odc-metadata.yaml
usgs_ls8c_level2_2,157,072,2013,10,17,usgs_ls8c_level2_2-0-20190912_157072_2013-10-17.odc-metadata.yaml
usgs_ls8c_level2_2,157,072,2013,11,02,usgs_ls8c_level2_2-0-20190912_157072_2013-11-02.odc-metadata.yaml
usgs_ls8c_level2_2,157,072,2013,11,18,usgs_ls8c_level2_2-0-20190912_157072_2013-11-18.odc-metadata.yaml
usgs_ls8c_level2_2,157,072,2013,12,04,usgs_ls8c_level2_2-0-20190912_157072_2013-12-04.odc-metadata.yaml
usgs_ls8c_level2_2,157,072,2013,12,20,usgs_ls8c_level2_2-0-20190912_157072_2013-12-20.odc-metadata.yaml
usgs_ls8c_level2_2,157,072,2014,01,05,usgs_ls8c_level2_2-0-20190912_157072_2014-01-05.odc-metadata.yaml
usgs_ls8c_level2_2,157,072,2014,01,21,usgs_ls8c_level2_2-0-20190912_157072_2014-01-21.odc-metadata.yaml
usgs_ls8c_level2_2,157,072,2014,02,06,usgs_ls8c_level2_2-0-20190912_157072_2014-02-06.odc-metadata.yaml
usgs_ls8c_level2_2,157,072,2014,02,22,usgs_ls8c_level2_2-0-20190912_157072_2014-02-22.odc-metadata.yaml
usgs_ls8c_level2_2,157,072,2014,03,10,usgs_ls8c_level2_2-0-20190912_157072_2014-03-10.odc-metadata.yaml
usgs_ls8c_level2_2,157,072,2014,04,11,usgs_ls8c_level2_2-0-20190912_157072_2014-04-11.odc-metadata.yaml
usgs_ls8c_level2_2,157,072,2014,04,27,usgs_ls8c_level2_2-0-20190912_157072_2014-04-27.odc-metadata.yaml
usgs_ls8c_level2_2,157,072,2014,05,13,usgs_ls8c_level2_2-0-20190912_157072_2014-05-13.odc-metadata.yaml
usgs_ls8c_level2_2,157,072,2014,05,29,usgs_ls8c_level2_2-0-20190912_157072_2014-05-29.odc-metadata.yaml
usgs_ls8c_level2_2,157,072,2014,06,30,usgs_ls8c_level2_2-0-20190912_157072_2014-06-30.odc-metadata.yaml
usgs_ls8c_level2_2,157,072,2014,07,16,usgs_ls8c_level2_2-0-20190912_157072_2014-07-16.odc-metadata.yaml
usgs_ls8c_level2_2,157,072,2014,08,01,usgs_ls8c_level2_2-0-20190912_157072_2014-08-01.odc-metadata.yaml
usgs_ls8c_level2_2,157,072,2014,08,17,usgs_ls8c_level2_2-0-20190912_157072_2014-08-17.odc-metadata.yaml
usgs_ls8c_level2_2,157,072,2014,09,02,usgs_ls8c_level2_2-0-20190912_157072_2014-09-02.odc-metadata.yaml
usgs_ls8c_level2_2,157,072,2014,09,18,usgs_ls8c_level2_2-0-20190912_157072_2014-09-18.odc-metadata.yaml
usgs_ls8c_level2_2,157,072,2014,10,04,usgs_ls8c_level2_2-0-20190912_157072_2014-10-04.odc-metadata.yaml
usgs_ls8c_level2_2,157,072,2014,10,20,usgs_ls8c_level2_2-0-20190912_157072_2014-10-20.odc-metadata.yaml
usgs_ls8c_level2_2,157,072,2014,11,05,usgs_ls8c_level2_2-0-20190912_157072_2014-11-05.odc-metadata.yaml
usgs_ls8c_level2_2,157,072,2014,11,21,usgs_ls8c_level2_2-0-20190912_157072_2014-11-21.odc-metadata.yaml
usgs_ls8c_level2_2,157,072,2014,12,07,usgs_ls8c_level2_2-0-20190912_157072_2014-12-07.odc-metadata.yaml
usgs_ls8c_level2_2,157,072,2014,12,23,usgs_ls8c_level2_2-0-20190912_157072_2014-12-23.odc-metadata.yaml
usgs_ls8c_level2_2,157,072,2015,01,08,usgs_ls8c_level2_2-0-20190911_157072_2015-01-08.odc-metadata.yaml
usgs_ls8c_level2_2,157,072,2015,01,24,usgs_ls8c_level2_2-0-20190911_157072_2015-01-24.odc-metadata.yaml
usgs_ls8c_level2_2,157,072,2015,02,09,usgs_ls8c_level2_2-0-20190911_157072_2015-02-09.odc-metadata.yaml
usgs_ls8c_level2_2,157,072,2015,02,25,usgs_ls8c_level2_2-0-20190911_157072_2015-02-25.odc-metadata.yaml
usgs_ls8c_level2_2,157,072,2015,03,13,usgs_ls8c_level2_2-0-20190911_157072_2015-03-13.odc-metadata.yaml
usgs_ls8c_level2_2,157,072,2015,04,14,usgs_ls8c_level2_2-0-20190911_157072_2015-04-14.odc-metadata.yaml
usgs_ls8c_level2_2,157,072,2015,04,30,usgs_ls8c_level2_2-0-20190911_157072_2015-04-30.odc-metadata.yaml
usgs_ls8c_level2_2,157,072,2015,05,16,usgs_ls8c_level2_2-0-20190911_157072_2015-05-16.odc-metadata.yaml
usgs_ls8c_level2_2,157,072,2015,06,01,usgs_ls8c_level2_2-0-20190911_157072_2015-06-01.odc-metadata.yaml
usgs_ls8c_level2_2,157,072,2015,06,17,usgs_ls8c_level2_2-0-20190911_157072_2015-06-17.odc-metadata.yaml
usgs_ls8c_level2_2,157,072,2015,07,03,usgs_ls8c_level2_2-0-20190911_157072_2015-07-03.odc-metadata.yaml
usgs_ls8c_level2_2,157,072,2015,07,19,usgs_ls8c_level2_2-0-20190911_157072_2015-07-19.odc-metadata.yaml
usgs_ls8c_level2_2,157,072,2015,08,04,usgs_ls8c_level2_2-0-20190911_157072_2015-08-04.odc-metadata.yaml
usgs_ls8c_level2_2,157,072,2015,08,20,usgs_ls8c_level2_2-0-20190911_157072_2015-08-20.odc-metadata.yaml
usgs_ls8c_level2_2,157,072,2015,09,05,usgs_ls8c_level2_2-0-20190911_157072_2015-09-05.odc-metadata.yaml
usgs_ls8c_level2_2,157,072,2015,09,21,usgs_ls8c_level2_2-0-20190911_157072_2015-09-21.odc-metadata.yaml
usgs_ls8c_level2_2,157,072,2015,10,07,usgs_ls8c_level2_2-0-20190911_157072_2015-10-07.odc-metadata.yaml
usgs_ls8c_level2_2,157,072,2015,10,23,usgs_ls8c_level2_2-0-20190911_157072_2015-10-23.odc-metadata.yaml
usgs_ls8c_level2_2,157,072,2015,11,08,usgs_ls8c_level2_2-0-20190911_157072_2015-11-08.odc-metadata.yaml
usgs_ls8c_level2_2,157,072,2015,11,24,usgs_ls8c_level2_2-0-20190911_157072_2015-11-24.odc-metadata.yaml
usgs_ls8c_level2_2,157,072,2015,12,10,usgs_ls8c_level2_2-0-20190911_157072_2015-12-10.odc-metadata.yaml
usgs_ls8c_level2_2,157,072,2015,12,26,usgs_ls8c_level2_2-0-20190911_157072_2015-12-26.odc-metadata.yaml
usgs_ls8c_level2_2,157,072,2016,01,11,usgs_ls8c_level2_2-0-20190909_157072_2016-01-11.odc-metadata.yaml
usgs_ls8c_level2_2,157,072,2016,01,27,usgs_ls8c_level2_2-0-20190909_157072_2016-01-27.odc-metadata.yaml
usgs_ls8c_level2_2,157,072,2016,02,12,usgs_ls8c_level2_2-0-20190909_157072_2016-02-12.odc-metadata.yaml
usgs_ls8c_level2_2,157,072,2016,02,28,usgs_ls8c_level2_2-0-20190909_157072_2016-02-28.odc-metadata.yaml
usgs_ls8c_level2_2,157,072,2016,03,15,usgs_ls8c_level2_2-0-20190909_157072_2016-03-15.odc-metadata.yaml
usgs_ls8c_level2_2,157,072,2016,03,31,usgs_ls8c_level2_2-0-20190909_157072_2016-03-31.odc-metadata.yaml
usgs_ls8c_level2_2,157,072,2016,04,16,usgs_ls8c_level2_2-0-20190909_157072_2016-04-16.odc-metadata.yaml
usgs_ls8c_level2_2,157,072,2016,05,02,usgs_ls8c_level2_2-0-20190909_157072_2016-05-02.odc-metadata.yaml
usgs_ls8c_level2_2,157,072,2016,05,18,usgs_ls8c_level2_2-0-20190909_157072_2016-05-18.odc-metadata.yaml
usgs_ls8c_level2_2,157,072,2016,06,03,usgs_ls8c_level2_2-0-20190909_157072_2016-06-03.odc-metadata.yaml
usgs_ls8c_level2_2,157,072,2016,06,19,usgs_ls8c_level2_2-0-20190909_157072_2016-06-19.odc-metadata.yaml
usgs_ls8c_level2_2,157,072,2016,07,05,usgs_ls8c_level2_2-0-20190909_157072_2016-07-05.odc-metadata.yaml
usgs_ls8c_level2_2,157,072,2016,07,21,usgs_ls8c_level2_2-0-20190909_157072_2016-07-21.odc-metadata.yaml
usgs_ls8c_level2_2,157,072,2016,08,06,usgs_ls8c_level2_2-0-20190909_157072_2016-08-06.odc-metadata.yaml
usgs_ls8c_level2_2,157,072,2016,08,22,usgs_ls8c_level2_2-0-20190909_157072_2016-08-22.odc-metadata.yaml
usgs_ls8c_level2_2,157,072,2016,09,07,usgs_ls8c_level2_2-0-20190909_157072_2016-09-07.odc-metadata.yaml
usgs_ls8c_level2_2,157,072,2016,09,23,usgs_ls8c_level2_2-0-20190909_157072_2016-09-23.odc-metadata.yaml
usgs_ls8c_level2_2,157,072,2016,10,09,usgs_ls8c_level2_2-0-20190909_157072_2016-10-09.odc-metadata.yaml
usgs_ls8c_level2_2,157,072,2016,10,25,usgs_ls8c_level2_2-0-20190909_157072_2016-10-25.odc-metadata.yaml
usgs_ls8c_level2_2,157,072,2016,11,10,usgs_ls8c_level2_2-0-20190909_157072_2016-11-10.odc-metadata.yaml
usgs_ls8c_level2_2,157,072,2016,11,26,usgs_ls8c_level2_2-0-20190909_157072_2016-11-26.odc-metadata.yaml
usgs_ls8c_level2_2,157,072,2016,12,12,usgs_ls8c_level2_2-0-20190909_157072_2016-12-12.odc-metadata.yaml
usgs_ls8c_level2_2,157,072,2016,12,28,usgs_ls8c_level2_2-0-20190909_157072_2016-12-28.odc-metadata.yaml
usgs_ls8c_level2_2,157,072,2017,01,13,.odcdataset-3l3452l_,usgs_ls8c_level2_2-0-20190906_157072_2017-01-13.odc-metadata.yaml
usgs_ls8c_level2_2,157,072,2017,01,13,usgs_ls8c_level2_2-0-20190904_157072_2017-01-13.odc-metadata.yaml
usgs_ls8c_level2_2,157,072,2017,01,29,.odcdataset-4yyc3y7_,usgs_ls8c_level2_2-0-20190906_157072_2017-01-29.odc-metadata.yaml
usgs_ls8c_level2_2,157,072,2017,01,29,.odcdataset-siybzg92,usgs_ls8c_level2_2-0-20190905_157072_2017-01-29.odc-metadata.yaml
usgs_ls8c_level2_2,157,072,2017,01,29,usgs_ls8c_level2_2-0-20190904_157072_2017-01-29.odc-metadata.yaml
usgs_ls8c_level2_2,157,072,2017,02,14,.odcdataset-p5xx3k8n,usgs_ls8c_level2_2-0-20190904_157072_2017-02-14.odc-metadata.yaml
usgs_ls8c_level2_2,157,072,2017,02,14,usgs_ls8c_level2_2-0-20190906_157072_2017-02-14.odc-metadata.yaml
usgs_ls8c_level2_2,157,072,2017,03,02,.odcdataset-0r3l31_b,usgs_ls8c_level2_2-0-20190906_157072_2017-03-02.odc-metadata.yaml
usgs_ls8c_level2_2,157,072,2017,03,02,.odcdataset-dpe9rown,usgs_ls8c_level2_2-0-20190905_157072_2017-03-02.odc-metadata.yaml
usgs_ls8c_level2_2,157,072,2017,03,02,usgs_ls8c_level2_2-0-20190904_157072_2017-03-02.odc-metadata.yaml
usgs_ls8c_level2_2,157,072,2017,03,18,usgs_ls8c_level2_2-0-20190904_157072_2017-03-18.odc-metadata.yaml
usgs_ls8c_level2_2,157,072,2017,04,03,.odcdataset-7otm_clz,usgs_ls8c_level2_2-0-20190906_157072_2017-04-03.odc-metadata.yaml
usgs_ls8c_level2_2,157,072,2017,04,03,.odcdataset-p7d5qv71,usgs_ls8c_level2_2-0-20190905_157072_2017-04-03.odc-metadata.yaml
usgs_ls8c_level2_2,157,072,2017,04,03,usgs_ls8c_level2_2-0-20190904_157072_2017-04-03.odc-metadata.yaml
usgs_ls8c_level2_2,157,072,2017,04,19,.odcdataset-c1sc00iu,usgs_ls8c_level2_2-0-20190905_157072_2017-04-19.odc-metadata.yaml
usgs_ls8c_level2_2,157,072,2017,04,19,.odcdataset-ksjfk1u3,usgs_ls8c_level2_2-0-20190904_157072_2017-04-19.odc-metadata.yaml
usgs_ls8c_level2_2,157,072,2017,04,19,usgs_ls8c_level2_2-0-20190906_157072_2017-04-19.odc-metadata.yaml
usgs_ls8c_level2_2,157,072,2017,05,05,.odcdataset-sc4n4jym,usgs_ls8c_level2_2-0-20190904_157072_2017-05-05.odc-metadata.yaml
usgs_ls8c_level2_2,157,072,2017,05,05,usgs_ls8c_level2_2-0-20190906_157072_2017-05-05.odc-metadata.yaml
usgs_ls8c_level2_2,157,072,2017,05,21,.odcdataset-b2og9ka3,usgs_ls8c_level2_2-0-20190906_157072_2017-05-21.odc-metadata.yaml
usgs_ls8c_level2_2,157,072,2017,05,21,usgs_ls8c_level2_2-0-20190904_157072_2017-05-21.odc-metadata.yaml
usgs_ls8c_level2_2,157,072,2017,06,06,.odcdataset-mjvloods,usgs_ls8c_level2_2-0-20190906_157072_2017-06-06.odc-metadata.yaml
usgs_ls8c_level2_2,157,072,2017,06,06,usgs_ls8c_level2_2-0-20190904_157072_2017-06-06.odc-metadata.yaml
usgs_ls8c_level2_2,157,072,2017,06,22,.odcdataset-kpbslucz,usgs_ls8c_level2_2-0-20190906_157072_2017-06-22.odc-metadata.yaml
usgs_ls8c_level2_2,157,072,2017,06,22,usgs_ls8c_level2_2-0-20190904_157072_2017-06-22.odc-metadata.yaml
usgs_ls8c_level2_2,157,072,2017,07,08,.odcdataset-8bq4lpgj,usgs_ls8c_level2_2-0-20190904_157072_2017-07-08.odc-metadata.yaml
usgs_ls8c_level2_2,157,072,2017,07,08,.odcdataset-_jtuk7dw,usgs_ls8c_level2_2-0-20190905_157072_2017-07-08.odc-metadata.yaml
usgs_ls8c_level2_2,157,072,2017,07,08,usgs_ls8c_level2_2-0-20190906_157072_2017-07-08.odc-metadata.yaml
usgs_ls8c_level2_2,157,072,2017,07,24,.odcdataset-_qgbw619,usgs_ls8c_level2_2-0-20190906_157072_2017-07-24.odc-metadata.yaml
usgs_ls8c_level2_2,157,072,2017,07,24,usgs_ls8c_level2_2-0-20190904_157072_2017-07-24.odc-metadata.yaml
usgs_ls8c_level2_2,157,072,2017,08,09,.odcdataset-c8o7ta6s,usgs_ls8c_level2_2-0-20190904_157072_2017-08-09.odc-metadata.yaml
usgs_ls8c_level2_2,157,072,2017,08,09,.odcdataset-rxprw6ry,usgs_ls8c_level2_2-0-20190905_157072_2017-08-09.odc-metadata.yaml
usgs_ls8c_level2_2,157,072,2017,08,09,usgs_ls8c_level2_2-0-20190906_157072_2017-08-09.odc-metadata.yaml
usgs_ls8c_level2_2,157,072,2017,08,25,.odcdataset-70j9xm5e,usgs_ls8c_level2_2-0-20190906_157072_2017-08-25.odc-metadata.yaml
usgs_ls8c_level2_2,157,072,2017,08,25,usgs_ls8c_level2_2-0-20190904_157072_2017-08-25.odc-metadata.yaml
usgs_ls8c_level2_2,157,072,2017,08,25,usgs_ls8c_level2_2-0-20190905_157072_2017-08-25.odc-metadata.yaml
usgs_ls8c_level2_2,157,072,2017,09,10,.odcdataset-ikvjrjzc,usgs_ls8c_level2_2-0-20190904_157072_2017-09-10.odc-metadata.yaml
usgs_ls8c_level2_2,157,072,2017,09,10,usgs_ls8c_level2_2-0-20190906_157072_2017-09-10.odc-metadata.yaml
usgs_ls8c_level2_2,157,072,2017,09,26,.odcdataset-g7um8wag,usgs_ls8c_level2_2-0-20190904_157072_2017-09-26.odc-metadata.yaml
usgs_ls8c_level2_2,157,072,2017,09,26,usgs_ls8c_level2_2-0-20190906_157072_2017-09-26.odc-metadata.yaml
usgs_ls8c_level2_2,157,072,2017,10,12,.odcdataset-djdef__a,usgs_ls8c_level2_2-0-20190906_157072_2017-10-12.odc-metadata.yaml
usgs_ls8c_level2_2,157,072,2017,10,12,.odcdataset-wtt9_z78,usgs_ls8c_level2_2-0-20190904_157072_2017-10-12.odc-metadata.yaml
usgs_ls8c_level2_2,157,072,2017,10,12,usgs_ls8c_level2_2-0-20190905_157072_2017-10-12.odc-metadata.yaml
usgs_ls8c_level2_2,157,072,2017,10,28,.odcdataset-mufps_xd,usgs_ls8c_level2_2-0-20190904_157072_2017-10-28.odc-metadata.yaml
usgs_ls8c_level2_2,157,072,2017,10,28,.odcdataset-v8b6jk0b,usgs_ls8c_level2_2-0-20190906_157072_2017-10-28.odc-metadata.yaml
usgs_ls8c_level2_2,157,072,2017,10,28,usgs_ls8c_level2_2-0-20190905_157072_2017-10-28.odc-metadata.yaml
usgs_ls8c_level2_2,157,072,2017,11,13,.odcdataset-bjm3aqpj,usgs_ls8c_level2_2-0-20190905_157072_2017-11-13.odc-metadata.yaml
usgs_ls8c_level2_2,157,072,2017,11,13,.odcdataset-eyg43jvy,usgs_ls8c_level2_2-0-20190905_157072_2017-11-13.odc-metadata.yaml
usgs_ls8c_level2_2,157,072,2017,11,13,.odcdataset-qx0nbkr_,usgs_ls8c_level2_2-0-20190906_157072_2017-11-13.odc-metadata.yaml
usgs_ls8c_level2_2,157,072,2017,11,13,usgs_ls8c_level2_2-0-20190904_157072_2017-11-13.odc-metadata.yaml
usgs_ls8c_level2_2,157,072,2017,11,29,.odcdataset-7i8pen5p,usgs_ls8c_level2_2-0-20190905_157072_2017-11-29.odc-metadata.yaml
usgs_ls8c_level2_2,157,072,2017,11,29,.odcdataset-93ukf2qc,usgs_ls8c_level2_2-0-20190904_157072_2017-11-29.odc-metadata.yaml
usgs_ls8c_level2_2,157,072,2017,11,29,usgs_ls8c_level2_2-0-20190906_157072_2017-11-29.odc-metadata.yaml
usgs_ls8c_level2_2,157,072,2017,12,15,.odcdataset-fnp1ebk4,usgs_ls8c_level2_2-0-20190906_157072_2017-12-15.odc-metadata.yaml
usgs_ls8c_level2_2,157,072,2017,12,15,usgs_ls8c_level2_2-0-20190904_157072_2017-12-15.odc-metadata.yaml
usgs_ls8c_level2_2,157,072,2017,12,31,.odcdataset-pjjnegdr,usgs_ls8c_level2_2-0-20190906_157072_2017-12-31.odc-metadata.yaml
usgs_ls8c_level2_2,157,072,2017,12,31,usgs_ls8c_level2_2-0-20190904_157072_2017-12-31.odc-metadata.yaml
usgs_ls8c_level2_2,157,072,2018,01,16,usgs_ls8c_level2_2-0-20190830_157072_2018-01-16.odc-metadata.yaml
usgs_ls8c_level2_2,157,072,2018,02,01,usgs_ls8c_level2_2-0-20190903_157072_2018-02-01.odc-metadata.yaml
usgs_ls8c_level2_2,157,072,2018,02,17,usgs_ls8c_level2_2-0-20190830_157072_2018-02-17.odc-metadata.yaml
usgs_ls8c_level2_2,157,072,2018,03,05,usgs_ls8c_level2_2-0-20190903_157072_2018-03-05.odc-metadata.yaml
usgs_ls8c_level2_2,157,072,2018,03,21,usgs_ls8c_level2_2-0-20190903_157072_2018-03-21.odc-metadata.yaml
usgs_ls8c_level2_2,157,072,2018,04,06,usgs_ls8c_level2_2-0-20190903_157072_2018-04-06.odc-metadata.yaml
usgs_ls8c_level2_2,157,072,2018,04,22,usgs_ls8c_level2_2-0-20190903_157072_2018-04-22.odc-metadata.yaml
usgs_ls8c_level2_2,157,072,2018,05,08,usgs_ls8c_level2_2-0-20190903_157072_2018-05-08.odc-metadata.yaml
usgs_ls8c_level2_2,157,072,2018,05,24,usgs_ls8c_level2_2-0-20190903_157072_2018-05-24.odc-metadata.yaml
usgs_ls8c_level2_2,157,072,2018,06,09,usgs_ls8c_level2_2-0-20190903_157072_2018-06-09.odc-metadata.yaml
usgs_ls8c_level2_2,157,072,2018,06,25,usgs_ls8c_level2_2-0-20190903_157072_2018-06-25.odc-metadata.yaml
usgs_ls8c_level2_2,157,072,2018,07,11,usgs_ls8c_level2_2-0-20190831_157072_2018-07-11.odc-metadata.yaml
usgs_ls8c_level2_2,157,072,2018,07,27,usgs_ls8c_level2_2-0-20190903_157072_2018-07-27.odc-metadata.yaml
usgs_ls8c_level2_2,157,072,2018,08,12,usgs_ls8c_level2_2-0-20190903_157072_2018-08-12.odc-metadata.yaml
usgs_ls8c_level2_2,157,072,2018,08,28,usgs_ls8c_level2_2-0-20190903_157072_2018-08-28.odc-metadata.yaml
usgs_ls8c_level2_2,157,072,2018,09,13,usgs_ls8c_level2_2-0-20190903_157072_2018-09-13.odc-metadata.yaml
usgs_ls8c_level2_2,157,072,2018,09,29,usgs_ls8c_level2_2-0-20190903_157072_2018-09-29.odc-metadata.yaml
usgs_ls8c_level2_2,157,072,2018,10,15,usgs_ls8c_level2_2-0-20190903_157072_2018-10-15.odc-metadata.yaml
usgs_ls8c_level2_2,157,072,2018,10,31,usgs_ls8c_level2_2-0-20190830_157072_2018-10-31.odc-metadata.yaml
usgs_ls8c_level2_2,157,072,2018,11,16,usgs_ls8c_level2_2-0-20190903_157072_2018-11-16.odc-metadata.yaml
usgs_ls8c_level2_2,157,072,2018,12,02,usgs_ls8c_level2_2-0-20190830_157072_2018-12-02.odc-metadata.yaml
usgs_ls8c_level2_2,157,072,2018,12,18,usgs_ls8c_level2_2-0-20190903_157072_2018-12-18.odc-metadata.yaml
usgs_ls8c_level2_2,157,072,2019,01,03,usgs_ls8c_level2_2-0-20190917_157072_2019-01-03.odc-metadata.yaml
usgs_ls8c_level2_2,157,072,2019,01,19,usgs_ls8c_level2_2-0-20190917_157072_2019-01-19.odc-metadata.yaml
usgs_ls8c_level2_2,157,072,2019,02,04,usgs_ls8c_level2_2-0-20190917_157072_2019-02-04.odc-metadata.yaml
usgs_ls8c_level2_2,157,072,2019,02,20,usgs_ls8c_level2_2-0-20190917_157072_2019-02-20.odc-metadata.yaml
usgs_ls8c_level2_2,157,072,2019,03,08,usgs_ls8c_level2_2-0-20190917_157072_2019-03-08.odc-metadata.yaml
usgs_ls8c_level2_2,157,072,2019,03,24,usgs_ls8c_level2_2-0-20190917_157072_2019-03-24.odc-metadata.yaml
usgs_ls8c_level2_2,157,072,2019,04,09,usgs_ls8c_level2_2-0-20190917_157072_2019-04-09.odc-metadata.yaml
usgs_ls8c_level2_2,157,072,2019,04,25,usgs_ls8c_level2_2-0-20190917_157072_2019-04-25.odc-metadata.yaml
usgs_ls8c_level2_2,157,072,2019,05,11,usgs_ls8c_level2_2-0-20190917_157072_2019-05-11.odc-metadata.yaml
usgs_ls8c_level2_2,157,072,2019,05,27,usgs_ls8c_level2_2-0-20190917_157072_2019-05-27.odc-metadata.yaml
usgs_ls8c_level2_2,157,072,2019,06,12,usgs_ls8c_level2_2-0-20190917_157072_2019-06-12.odc-metadata.yaml
usgs_ls8c_level2_2,157,072,2019,06,28,usgs_ls8c_level2_2-0-20190917_157072_2019-06-28.odc-metadata.yaml
